input,output
I love chemistry and math. What career should I consider?,"Based on your interest in chemistry and math, consider careers in chemical engineering, pharmacology, materials science, or data science."
Can you tell me about i love chemistry and math. what career should i consider?,"Based on your interest in chemistry and math, consider careers in chemical engineering, pharmacology, materials science, or data science."
What about i love chemistry and math. what career should i consider?,"Based on your interest in chemistry and math, consider careers in chemical engineering, pharmacology, materials science, or data science."
I'm wondering about i love chemistry and math. what career should i consider?,"Based on your interest in chemistry and math, consider careers in chemical engineering, pharmacology, materials science, or data science."
Help me understand i love chemistry and math. what career should i consider?,"Based on your interest in chemistry and math, consider careers in chemical engineering, pharmacology, materials science, or data science."
Could you explain i love chemistry and math. what career should i consider?,"Based on your interest in chemistry and math, consider careers in chemical engineering, pharmacology, materials science, or data science."
I need advice on i love chemistry and math. what career should i consider?,"Based on your interest in chemistry and math, consider careers in chemical engineering, pharmacology, materials science, or data science."
What would you recommend for i love chemistry and math. what career should i consider?,"Based on your interest in chemistry and math, consider careers in chemical engineering, pharmacology, materials science, or data science."
I'm curious about i love chemistry and math. what career should i consider?,"Based on your interest in chemistry and math, consider careers in chemical engineering, pharmacology, materials science, or data science."
Tell me more about i love chemistry and math. what career should i consider?,"Based on your interest in chemistry and math, consider careers in chemical engineering, pharmacology, materials science, or data science."
I have questions about i love chemistry and math. what career should i consider?,"Based on your interest in chemistry and math, consider careers in chemical engineering, pharmacology, materials science, or data science."
What can I do with a physics degree?,"Physics opens doors to research, engineering, data analysis, finance, or technology consulting."
Can you tell me about what can i do with a physics degree?,"Physics opens doors to research, engineering, data analysis, finance, or technology consulting."
What about what can i do with a physics degree?,"Physics opens doors to research, engineering, data analysis, finance, or technology consulting."
I'm wondering about what can i do with a physics degree?,"Physics opens doors to research, engineering, data analysis, finance, or technology consulting."
Help me understand what can i do with a physics degree?,"Physics opens doors to research, engineering, data analysis, finance, or technology consulting."
Could you explain what can i do with a physics degree?,"Physics opens doors to research, engineering, data analysis, finance, or technology consulting."
I need advice on what can i do with a physics degree?,"Physics opens doors to research, engineering, data analysis, finance, or technology consulting."
What would you recommend for what can i do with a physics degree?,"Physics opens doors to research, engineering, data analysis, finance, or technology consulting."
I'm curious about what can i do with a physics degree?,"Physics opens doors to research, engineering, data analysis, finance, or technology consulting."
Tell me more about what can i do with a physics degree?,"Physics opens doors to research, engineering, data analysis, finance, or technology consulting."
I have questions about what can i do with a physics degree?,"Physics opens doors to research, engineering, data analysis, finance, or technology consulting."
I'm good at biology. What are my options?,"Biology leads to medicine, research, biotechnology, environmental science, or pharmaceutical work."
Can you tell me about i'm good at biology. what are my options?,"Biology leads to medicine, research, biotechnology, environmental science, or pharmaceutical work."
What about i'm good at biology. what are my options?,"Biology leads to medicine, research, biotechnology, environmental science, or pharmaceutical work."
I'm wondering about i'm good at biology. what are my options?,"Biology leads to medicine, research, biotechnology, environmental science, or pharmaceutical work."
Help me understand i'm good at biology. what are my options?,"Biology leads to medicine, research, biotechnology, environmental science, or pharmaceutical work."
Could you explain i'm good at biology. what are my options?,"Biology leads to medicine, research, biotechnology, environmental science, or pharmaceutical work."
I need advice on i'm good at biology. what are my options?,"Biology leads to medicine, research, biotechnology, environmental science, or pharmaceutical work."
What would you recommend for i'm good at biology. what are my options?,"Biology leads to medicine, research, biotechnology, environmental science, or pharmaceutical work."
I'm curious about i'm good at biology. what are my options?,"Biology leads to medicine, research, biotechnology, environmental science, or pharmaceutical work."
Tell me more about i'm good at biology. what are my options?,"Biology leads to medicine, research, biotechnology, environmental science, or pharmaceutical work."
I have questions about i'm good at biology. what are my options?,"Biology leads to medicine, research, biotechnology, environmental science, or pharmaceutical work."
What careers use mathematics daily?,"Mathematics is used in finance, data science, engineering, cryptography, and actuarial science."
Can you tell me about what careers use mathematics daily?,"Mathematics is used in finance, data science, engineering, cryptography, and actuarial science."
What about what careers use mathematics daily?,"Mathematics is used in finance, data science, engineering, cryptography, and actuarial science."
I'm wondering about what careers use mathematics daily?,"Mathematics is used in finance, data science, engineering, cryptography, and actuarial science."
Help me understand what careers use mathematics daily?,"Mathematics is used in finance, data science, engineering, cryptography, and actuarial science."
Could you explain what careers use mathematics daily?,"Mathematics is used in finance, data science, engineering, cryptography, and actuarial science."
I need advice on what careers use mathematics daily?,"Mathematics is used in finance, data science, engineering, cryptography, and actuarial science."
What would you recommend for what careers use mathematics daily?,"Mathematics is used in finance, data science, engineering, cryptography, and actuarial science."
I'm curious about what careers use mathematics daily?,"Mathematics is used in finance, data science, engineering, cryptography, and actuarial science."
Tell me more about what careers use mathematics daily?,"Mathematics is used in finance, data science, engineering, cryptography, and actuarial science."
I have questions about what careers use mathematics daily?,"Mathematics is used in finance, data science, engineering, cryptography, and actuarial science."
I want to work in technology. What should I study?,"Technology careers benefit from computer science, engineering, mathematics, or information systems studies."
Can you tell me about i want to work in technology. what should i study?,"Technology careers benefit from computer science, engineering, mathematics, or information systems studies."
What about i want to work in technology. what should i study?,"Technology careers benefit from computer science, engineering, mathematics, or information systems studies."
I'm wondering about i want to work in technology. what should i study?,"Technology careers benefit from computer science, engineering, mathematics, or information systems studies."
Help me understand i want to work in technology. what should i study?,"Technology careers benefit from computer science, engineering, mathematics, or information systems studies."
Could you explain i want to work in technology. what should i study?,"Technology careers benefit from computer science, engineering, mathematics, or information systems studies."
I need advice on i want to work in technology. what should i study?,"Technology careers benefit from computer science, engineering, mathematics, or information systems studies."
What would you recommend for i want to work in technology. what should i study?,"Technology careers benefit from computer science, engineering, mathematics, or information systems studies."
I'm curious about i want to work in technology. what should i study?,"Technology careers benefit from computer science, engineering, mathematics, or information systems studies."
Tell me more about i want to work in technology. what should i study?,"Technology careers benefit from computer science, engineering, mathematics, or information systems studies."
I have questions about i want to work in technology. what should i study?,"Technology careers benefit from computer science, engineering, mathematics, or information systems studies."
What can I do with an engineering degree?,"Engineering offers paths in design, manufacturing, consulting, project management, or research."
Can you tell me about what can i do with an engineering degree?,"Engineering offers paths in design, manufacturing, consulting, project management, or research."
What about what can i do with an engineering degree?,"Engineering offers paths in design, manufacturing, consulting, project management, or research."
I'm wondering about what can i do with an engineering degree?,"Engineering offers paths in design, manufacturing, consulting, project management, or research."
Help me understand what can i do with an engineering degree?,"Engineering offers paths in design, manufacturing, consulting, project management, or research."
Could you explain what can i do with an engineering degree?,"Engineering offers paths in design, manufacturing, consulting, project management, or research."
I need advice on what can i do with an engineering degree?,"Engineering offers paths in design, manufacturing, consulting, project management, or research."
What would you recommend for what can i do with an engineering degree?,"Engineering offers paths in design, manufacturing, consulting, project management, or research."
I'm curious about what can i do with an engineering degree?,"Engineering offers paths in design, manufacturing, consulting, project management, or research."
Tell me more about what can i do with an engineering degree?,"Engineering offers paths in design, manufacturing, consulting, project management, or research."
I have questions about what can i do with an engineering degree?,"Engineering offers paths in design, manufacturing, consulting, project management, or research."
I'm interested in environmental science. What jobs are available?,"Environmental science leads to conservation, consulting, research, policy work, or renewable energy."
Can you tell me about i'm interested in environmental science. what jobs are available?,"Environmental science leads to conservation, consulting, research, policy work, or renewable energy."
What about i'm interested in environmental science. what jobs are available?,"Environmental science leads to conservation, consulting, research, policy work, or renewable energy."
I'm wondering about i'm interested in environmental science. what jobs are available?,"Environmental science leads to conservation, consulting, research, policy work, or renewable energy."
Help me understand i'm interested in environmental science. what jobs are available?,"Environmental science leads to conservation, consulting, research, policy work, or renewable energy."
Could you explain i'm interested in environmental science. what jobs are available?,"Environmental science leads to conservation, consulting, research, policy work, or renewable energy."
I need advice on i'm interested in environmental science. what jobs are available?,"Environmental science leads to conservation, consulting, research, policy work, or renewable energy."
What would you recommend for i'm interested in environmental science. what jobs are available?,"Environmental science leads to conservation, consulting, research, policy work, or renewable energy."
I'm curious about i'm interested in environmental science. what jobs are available?,"Environmental science leads to conservation, consulting, research, policy work, or renewable energy."
Tell me more about i'm interested in environmental science. what jobs are available?,"Environmental science leads to conservation, consulting, research, policy work, or renewable energy."
I have questions about i'm interested in environmental science. what jobs are available?,"Environmental science leads to conservation, consulting, research, policy work, or renewable energy."
What careers combine science and business?,"Consider biotechnology management, pharmaceutical sales, technical consulting, or science policy."
Can you tell me about what careers combine science and business?,"Consider biotechnology management, pharmaceutical sales, technical consulting, or science policy."
What about what careers combine science and business?,"Consider biotechnology management, pharmaceutical sales, technical consulting, or science policy."
I'm wondering about what careers combine science and business?,"Consider biotechnology management, pharmaceutical sales, technical consulting, or science policy."
Help me understand what careers combine science and business?,"Consider biotechnology management, pharmaceutical sales, technical consulting, or science policy."
Could you explain what careers combine science and business?,"Consider biotechnology management, pharmaceutical sales, technical consulting, or science policy."
I need advice on what careers combine science and business?,"Consider biotechnology management, pharmaceutical sales, technical consulting, or science policy."
What would you recommend for what careers combine science and business?,"Consider biotechnology management, pharmaceutical sales, technical consulting, or science policy."
I'm curious about what careers combine science and business?,"Consider biotechnology management, pharmaceutical sales, technical consulting, or science policy."
Tell me more about what careers combine science and business?,"Consider biotechnology management, pharmaceutical sales, technical consulting, or science policy."
I have questions about what careers combine science and business?,"Consider biotechnology management, pharmaceutical sales, technical consulting, or science policy."
I like computer science but not programming. What options exist?,"CS skills apply to project management, systems analysis, technical writing, or product management."
Can you tell me about i like computer science but not programming. what options exist?,"CS skills apply to project management, systems analysis, technical writing, or product management."
What about i like computer science but not programming. what options exist?,"CS skills apply to project management, systems analysis, technical writing, or product management."
I'm wondering about i like computer science but not programming. what options exist?,"CS skills apply to project management, systems analysis, technical writing, or product management."
Help me understand i like computer science but not programming. what options exist?,"CS skills apply to project management, systems analysis, technical writing, or product management."
Could you explain i like computer science but not programming. what options exist?,"CS skills apply to project management, systems analysis, technical writing, or product management."
I need advice on i like computer science but not programming. what options exist?,"CS skills apply to project management, systems analysis, technical writing, or product management."
What would you recommend for i like computer science but not programming. what options exist?,"CS skills apply to project management, systems analysis, technical writing, or product management."
I'm curious about i like computer science but not programming. what options exist?,"CS skills apply to project management, systems analysis, technical writing, or product management."
Tell me more about i like computer science but not programming. what options exist?,"CS skills apply to project management, systems analysis, technical writing, or product management."
I have questions about i like computer science but not programming. what options exist?,"CS skills apply to project management, systems analysis, technical writing, or product management."
What can I do with a statistics degree?,"Statistics leads to data analysis, market research, quality control, or biostatistics."
Can you tell me about what can i do with a statistics degree?,"Statistics leads to data analysis, market research, quality control, or biostatistics."
What about what can i do with a statistics degree?,"Statistics leads to data analysis, market research, quality control, or biostatistics."
I'm wondering about what can i do with a statistics degree?,"Statistics leads to data analysis, market research, quality control, or biostatistics."
Help me understand what can i do with a statistics degree?,"Statistics leads to data analysis, market research, quality control, or biostatistics."
Could you explain what can i do with a statistics degree?,"Statistics leads to data analysis, market research, quality control, or biostatistics."
I need advice on what can i do with a statistics degree?,"Statistics leads to data analysis, market research, quality control, or biostatistics."
What would you recommend for what can i do with a statistics degree?,"Statistics leads to data analysis, market research, quality control, or biostatistics."
I'm curious about what can i do with a statistics degree?,"Statistics leads to data analysis, market research, quality control, or biostatistics."
Tell me more about what can i do with a statistics degree?,"Statistics leads to data analysis, market research, quality control, or biostatistics."
I have questions about what can i do with a statistics degree?,"Statistics leads to data analysis, market research, quality control, or biostatistics."
I enjoy biology and helping people. What career is good for me?,"Your combination of biology interest and desire to help people makes you ideal for healthcare careers like medicine, nursing, physical therapy, or biomedical research."
Can you tell me about i enjoy biology and helping people. what career is good for me?,"Your combination of biology interest and desire to help people makes you ideal for healthcare careers like medicine, nursing, physical therapy, or biomedical research."
What about i enjoy biology and helping people. what career is good for me?,"Your combination of biology interest and desire to help people makes you ideal for healthcare careers like medicine, nursing, physical therapy, or biomedical research."
I'm wondering about i enjoy biology and helping people. what career is good for me?,"Your combination of biology interest and desire to help people makes you ideal for healthcare careers like medicine, nursing, physical therapy, or biomedical research."
Help me understand i enjoy biology and helping people. what career is good for me?,"Your combination of biology interest and desire to help people makes you ideal for healthcare careers like medicine, nursing, physical therapy, or biomedical research."
Could you explain i enjoy biology and helping people. what career is good for me?,"Your combination of biology interest and desire to help people makes you ideal for healthcare careers like medicine, nursing, physical therapy, or biomedical research."
I need advice on i enjoy biology and helping people. what career is good for me?,"Your combination of biology interest and desire to help people makes you ideal for healthcare careers like medicine, nursing, physical therapy, or biomedical research."
What would you recommend for i enjoy biology and helping people. what career is good for me?,"Your combination of biology interest and desire to help people makes you ideal for healthcare careers like medicine, nursing, physical therapy, or biomedical research."
I'm curious about i enjoy biology and helping people. what career is good for me?,"Your combination of biology interest and desire to help people makes you ideal for healthcare careers like medicine, nursing, physical therapy, or biomedical research."
Tell me more about i enjoy biology and helping people. what career is good for me?,"Your combination of biology interest and desire to help people makes you ideal for healthcare careers like medicine, nursing, physical therapy, or biomedical research."
I have questions about i enjoy biology and helping people. what career is good for me?,"Your combination of biology interest and desire to help people makes you ideal for healthcare careers like medicine, nursing, physical therapy, or biomedical research."
What healthcare careers don't require medical school?,"Consider nursing, physical therapy, occupational therapy, medical technology, or healthcare administration."
Can you tell me about what healthcare careers don't require medical school?,"Consider nursing, physical therapy, occupational therapy, medical technology, or healthcare administration."
What about what healthcare careers don't require medical school?,"Consider nursing, physical therapy, occupational therapy, medical technology, or healthcare administration."
I'm wondering about what healthcare careers don't require medical school?,"Consider nursing, physical therapy, occupational therapy, medical technology, or healthcare administration."
Help me understand what healthcare careers don't require medical school?,"Consider nursing, physical therapy, occupational therapy, medical technology, or healthcare administration."
Could you explain what healthcare careers don't require medical school?,"Consider nursing, physical therapy, occupational therapy, medical technology, or healthcare administration."
I need advice on what healthcare careers don't require medical school?,"Consider nursing, physical therapy, occupational therapy, medical technology, or healthcare administration."
What would you recommend for what healthcare careers don't require medical school?,"Consider nursing, physical therapy, occupational therapy, medical technology, or healthcare administration."
I'm curious about what healthcare careers don't require medical school?,"Consider nursing, physical therapy, occupational therapy, medical technology, or healthcare administration."
Tell me more about what healthcare careers don't require medical school?,"Consider nursing, physical therapy, occupational therapy, medical technology, or healthcare administration."
I have questions about what healthcare careers don't require medical school?,"Consider nursing, physical therapy, occupational therapy, medical technology, or healthcare administration."
I want to help people but don't like blood. What options do I have?,"Consider counseling, social work, physical therapy, speech therapy, or healthcare administration."
Can you tell me about i want to help people but don't like blood. what options do i have?,"Consider counseling, social work, physical therapy, speech therapy, or healthcare administration."
What about i want to help people but don't like blood. what options do i have?,"Consider counseling, social work, physical therapy, speech therapy, or healthcare administration."
I'm wondering about i want to help people but don't like blood. what options do i have?,"Consider counseling, social work, physical therapy, speech therapy, or healthcare administration."
Help me understand i want to help people but don't like blood. what options do i have?,"Consider counseling, social work, physical therapy, speech therapy, or healthcare administration."
Could you explain i want to help people but don't like blood. what options do i have?,"Consider counseling, social work, physical therapy, speech therapy, or healthcare administration."
I need advice on i want to help people but don't like blood. what options do i have?,"Consider counseling, social work, physical therapy, speech therapy, or healthcare administration."
What would you recommend for i want to help people but don't like blood. what options do i have?,"Consider counseling, social work, physical therapy, speech therapy, or healthcare administration."
I'm curious about i want to help people but don't like blood. what options do i have?,"Consider counseling, social work, physical therapy, speech therapy, or healthcare administration."
Tell me more about i want to help people but don't like blood. what options do i have?,"Consider counseling, social work, physical therapy, speech therapy, or healthcare administration."
I have questions about i want to help people but don't like blood. what options do i have?,"Consider counseling, social work, physical therapy, speech therapy, or healthcare administration."
What can I do with a psychology degree?,"Psychology leads to counseling, human resources, research, social work, or organizational development."
Can you tell me about what can i do with a psychology degree?,"Psychology leads to counseling, human resources, research, social work, or organizational development."
What about what can i do with a psychology degree?,"Psychology leads to counseling, human resources, research, social work, or organizational development."
I'm wondering about what can i do with a psychology degree?,"Psychology leads to counseling, human resources, research, social work, or organizational development."
Help me understand what can i do with a psychology degree?,"Psychology leads to counseling, human resources, research, social work, or organizational development."
Could you explain what can i do with a psychology degree?,"Psychology leads to counseling, human resources, research, social work, or organizational development."
I need advice on what can i do with a psychology degree?,"Psychology leads to counseling, human resources, research, social work, or organizational development."
What would you recommend for what can i do with a psychology degree?,"Psychology leads to counseling, human resources, research, social work, or organizational development."
I'm curious about what can i do with a psychology degree?,"Psychology leads to counseling, human resources, research, social work, or organizational development."
Tell me more about what can i do with a psychology degree?,"Psychology leads to counseling, human resources, research, social work, or organizational development."
I have questions about what can i do with a psychology degree?,"Psychology leads to counseling, human resources, research, social work, or organizational development."
I'm interested in mental health. What careers are available?,"Mental health careers include counseling, social work, psychology, psychiatry, or therapy specializations."
Can you tell me about i'm interested in mental health. what careers are available?,"Mental health careers include counseling, social work, psychology, psychiatry, or therapy specializations."
What about i'm interested in mental health. what careers are available?,"Mental health careers include counseling, social work, psychology, psychiatry, or therapy specializations."
I'm wondering about i'm interested in mental health. what careers are available?,"Mental health careers include counseling, social work, psychology, psychiatry, or therapy specializations."
Help me understand i'm interested in mental health. what careers are available?,"Mental health careers include counseling, social work, psychology, psychiatry, or therapy specializations."
Could you explain i'm interested in mental health. what careers are available?,"Mental health careers include counseling, social work, psychology, psychiatry, or therapy specializations."
I need advice on i'm interested in mental health. what careers are available?,"Mental health careers include counseling, social work, psychology, psychiatry, or therapy specializations."
What would you recommend for i'm interested in mental health. what careers are available?,"Mental health careers include counseling, social work, psychology, psychiatry, or therapy specializations."
I'm curious about i'm interested in mental health. what careers are available?,"Mental health careers include counseling, social work, psychology, psychiatry, or therapy specializations."
Tell me more about i'm interested in mental health. what careers are available?,"Mental health careers include counseling, social work, psychology, psychiatry, or therapy specializations."
I have questions about i'm interested in mental health. what careers are available?,"Mental health careers include counseling, social work, psychology, psychiatry, or therapy specializations."
What healthcare jobs have good work-life balance?,"Consider radiology, pathology, dermatology, or outpatient specialties for better work-life balance."
Can you tell me about what healthcare jobs have good work-life balance?,"Consider radiology, pathology, dermatology, or outpatient specialties for better work-life balance."
What about what healthcare jobs have good work-life balance?,"Consider radiology, pathology, dermatology, or outpatient specialties for better work-life balance."
I'm wondering about what healthcare jobs have good work-life balance?,"Consider radiology, pathology, dermatology, or outpatient specialties for better work-life balance."
Help me understand what healthcare jobs have good work-life balance?,"Consider radiology, pathology, dermatology, or outpatient specialties for better work-life balance."
Could you explain what healthcare jobs have good work-life balance?,"Consider radiology, pathology, dermatology, or outpatient specialties for better work-life balance."
I need advice on what healthcare jobs have good work-life balance?,"Consider radiology, pathology, dermatology, or outpatient specialties for better work-life balance."
What would you recommend for what healthcare jobs have good work-life balance?,"Consider radiology, pathology, dermatology, or outpatient specialties for better work-life balance."
I'm curious about what healthcare jobs have good work-life balance?,"Consider radiology, pathology, dermatology, or outpatient specialties for better work-life balance."
Tell me more about what healthcare jobs have good work-life balance?,"Consider radiology, pathology, dermatology, or outpatient specialties for better work-life balance."
I have questions about what healthcare jobs have good work-life balance?,"Consider radiology, pathology, dermatology, or outpatient specialties for better work-life balance."
I want to work in healthcare but not with patients directly. What options exist?,"Consider medical research, healthcare administration, medical writing, or pharmaceutical work."
Can you tell me about i want to work in healthcare but not with patients directly. what options exist?,"Consider medical research, healthcare administration, medical writing, or pharmaceutical work."
What about i want to work in healthcare but not with patients directly. what options exist?,"Consider medical research, healthcare administration, medical writing, or pharmaceutical work."
I'm wondering about i want to work in healthcare but not with patients directly. what options exist?,"Consider medical research, healthcare administration, medical writing, or pharmaceutical work."
Help me understand i want to work in healthcare but not with patients directly. what options exist?,"Consider medical research, healthcare administration, medical writing, or pharmaceutical work."
Could you explain i want to work in healthcare but not with patients directly. what options exist?,"Consider medical research, healthcare administration, medical writing, or pharmaceutical work."
I need advice on i want to work in healthcare but not with patients directly. what options exist?,"Consider medical research, healthcare administration, medical writing, or pharmaceutical work."
What would you recommend for i want to work in healthcare but not with patients directly. what options exist?,"Consider medical research, healthcare administration, medical writing, or pharmaceutical work."
I'm curious about i want to work in healthcare but not with patients directly. what options exist?,"Consider medical research, healthcare administration, medical writing, or pharmaceutical work."
Tell me more about i want to work in healthcare but not with patients directly. what options exist?,"Consider medical research, healthcare administration, medical writing, or pharmaceutical work."
I have questions about i want to work in healthcare but not with patients directly. what options exist?,"Consider medical research, healthcare administration, medical writing, or pharmaceutical work."
What can I do with a nursing degree besides bedside nursing?,"Nursing opens doors to administration, education, research, consulting, or specialized practice areas."
Can you tell me about what can i do with a nursing degree besides bedside nursing?,"Nursing opens doors to administration, education, research, consulting, or specialized practice areas."
What about what can i do with a nursing degree besides bedside nursing?,"Nursing opens doors to administration, education, research, consulting, or specialized practice areas."
I'm wondering about what can i do with a nursing degree besides bedside nursing?,"Nursing opens doors to administration, education, research, consulting, or specialized practice areas."
Help me understand what can i do with a nursing degree besides bedside nursing?,"Nursing opens doors to administration, education, research, consulting, or specialized practice areas."
Could you explain what can i do with a nursing degree besides bedside nursing?,"Nursing opens doors to administration, education, research, consulting, or specialized practice areas."
I need advice on what can i do with a nursing degree besides bedside nursing?,"Nursing opens doors to administration, education, research, consulting, or specialized practice areas."
What would you recommend for what can i do with a nursing degree besides bedside nursing?,"Nursing opens doors to administration, education, research, consulting, or specialized practice areas."
I'm curious about what can i do with a nursing degree besides bedside nursing?,"Nursing opens doors to administration, education, research, consulting, or specialized practice areas."
Tell me more about what can i do with a nursing degree besides bedside nursing?,"Nursing opens doors to administration, education, research, consulting, or specialized practice areas."
I have questions about what can i do with a nursing degree besides bedside nursing?,"Nursing opens doors to administration, education, research, consulting, or specialized practice areas."
I'm interested in business and economics. What careers should I explore?,"Business and economics knowledge opens paths to financial analysis, consulting, marketing, entrepreneurship, investment banking, or business development."
Can you tell me about i'm interested in business and economics. what careers should i explore?,"Business and economics knowledge opens paths to financial analysis, consulting, marketing, entrepreneurship, investment banking, or business development."
What about i'm interested in business and economics. what careers should i explore?,"Business and economics knowledge opens paths to financial analysis, consulting, marketing, entrepreneurship, investment banking, or business development."
I'm wondering about i'm interested in business and economics. what careers should i explore?,"Business and economics knowledge opens paths to financial analysis, consulting, marketing, entrepreneurship, investment banking, or business development."
Help me understand i'm interested in business and economics. what careers should i explore?,"Business and economics knowledge opens paths to financial analysis, consulting, marketing, entrepreneurship, investment banking, or business development."
Could you explain i'm interested in business and economics. what careers should i explore?,"Business and economics knowledge opens paths to financial analysis, consulting, marketing, entrepreneurship, investment banking, or business development."
I need advice on i'm interested in business and economics. what careers should i explore?,"Business and economics knowledge opens paths to financial analysis, consulting, marketing, entrepreneurship, investment banking, or business development."
What would you recommend for i'm interested in business and economics. what careers should i explore?,"Business and economics knowledge opens paths to financial analysis, consulting, marketing, entrepreneurship, investment banking, or business development."
I'm curious about i'm interested in business and economics. what careers should i explore?,"Business and economics knowledge opens paths to financial analysis, consulting, marketing, entrepreneurship, investment banking, or business development."
Tell me more about i'm interested in business and economics. what careers should i explore?,"Business and economics knowledge opens paths to financial analysis, consulting, marketing, entrepreneurship, investment banking, or business development."
I have questions about i'm interested in business and economics. what careers should i explore?,"Business and economics knowledge opens paths to financial analysis, consulting, marketing, entrepreneurship, investment banking, or business development."
What can I do with a finance degree?,"Finance leads to banking, investment analysis, corporate finance, financial planning, or insurance."
Can you tell me about what can i do with a finance degree?,"Finance leads to banking, investment analysis, corporate finance, financial planning, or insurance."
What about what can i do with a finance degree?,"Finance leads to banking, investment analysis, corporate finance, financial planning, or insurance."
I'm wondering about what can i do with a finance degree?,"Finance leads to banking, investment analysis, corporate finance, financial planning, or insurance."
Help me understand what can i do with a finance degree?,"Finance leads to banking, investment analysis, corporate finance, financial planning, or insurance."
Could you explain what can i do with a finance degree?,"Finance leads to banking, investment analysis, corporate finance, financial planning, or insurance."
I need advice on what can i do with a finance degree?,"Finance leads to banking, investment analysis, corporate finance, financial planning, or insurance."
What would you recommend for what can i do with a finance degree?,"Finance leads to banking, investment analysis, corporate finance, financial planning, or insurance."
I'm curious about what can i do with a finance degree?,"Finance leads to banking, investment analysis, corporate finance, financial planning, or insurance."
Tell me more about what can i do with a finance degree?,"Finance leads to banking, investment analysis, corporate finance, financial planning, or insurance."
I have questions about what can i do with a finance degree?,"Finance leads to banking, investment analysis, corporate finance, financial planning, or insurance."
I want to start my own business. What should I study?,"Entrepreneurship benefits from business administration, marketing, finance, or industry-specific knowledge."
Can you tell me about i want to start my own business. what should i study?,"Entrepreneurship benefits from business administration, marketing, finance, or industry-specific knowledge."
What about i want to start my own business. what should i study?,"Entrepreneurship benefits from business administration, marketing, finance, or industry-specific knowledge."
I'm wondering about i want to start my own business. what should i study?,"Entrepreneurship benefits from business administration, marketing, finance, or industry-specific knowledge."
Help me understand i want to start my own business. what should i study?,"Entrepreneurship benefits from business administration, marketing, finance, or industry-specific knowledge."
Could you explain i want to start my own business. what should i study?,"Entrepreneurship benefits from business administration, marketing, finance, or industry-specific knowledge."
I need advice on i want to start my own business. what should i study?,"Entrepreneurship benefits from business administration, marketing, finance, or industry-specific knowledge."
What would you recommend for i want to start my own business. what should i study?,"Entrepreneurship benefits from business administration, marketing, finance, or industry-specific knowledge."
I'm curious about i want to start my own business. what should i study?,"Entrepreneurship benefits from business administration, marketing, finance, or industry-specific knowledge."
Tell me more about i want to start my own business. what should i study?,"Entrepreneurship benefits from business administration, marketing, finance, or industry-specific knowledge."
I have questions about i want to start my own business. what should i study?,"Entrepreneurship benefits from business administration, marketing, finance, or industry-specific knowledge."
What careers are available in marketing?,"Marketing offers digital marketing, brand management, market research, advertising, or sales roles."
Can you tell me about what careers are available in marketing?,"Marketing offers digital marketing, brand management, market research, advertising, or sales roles."
What about what careers are available in marketing?,"Marketing offers digital marketing, brand management, market research, advertising, or sales roles."
I'm wondering about what careers are available in marketing?,"Marketing offers digital marketing, brand management, market research, advertising, or sales roles."
Help me understand what careers are available in marketing?,"Marketing offers digital marketing, brand management, market research, advertising, or sales roles."
Could you explain what careers are available in marketing?,"Marketing offers digital marketing, brand management, market research, advertising, or sales roles."
I need advice on what careers are available in marketing?,"Marketing offers digital marketing, brand management, market research, advertising, or sales roles."
What would you recommend for what careers are available in marketing?,"Marketing offers digital marketing, brand management, market research, advertising, or sales roles."
I'm curious about what careers are available in marketing?,"Marketing offers digital marketing, brand management, market research, advertising, or sales roles."
Tell me more about what careers are available in marketing?,"Marketing offers digital marketing, brand management, market research, advertising, or sales roles."
I have questions about what careers are available in marketing?,"Marketing offers digital marketing, brand management, market research, advertising, or sales roles."
I'm good with numbers and people. What career fits?,"Consider financial advising, sales, business analysis, or customer success management."
Can you tell me about i'm good with numbers and people. what career fits?,"Consider financial advising, sales, business analysis, or customer success management."
What about i'm good with numbers and people. what career fits?,"Consider financial advising, sales, business analysis, or customer success management."
I'm wondering about i'm good with numbers and people. what career fits?,"Consider financial advising, sales, business analysis, or customer success management."
Help me understand i'm good with numbers and people. what career fits?,"Consider financial advising, sales, business analysis, or customer success management."
Could you explain i'm good with numbers and people. what career fits?,"Consider financial advising, sales, business analysis, or customer success management."
I need advice on i'm good with numbers and people. what career fits?,"Consider financial advising, sales, business analysis, or customer success management."
What would you recommend for i'm good with numbers and people. what career fits?,"Consider financial advising, sales, business analysis, or customer success management."
I'm curious about i'm good with numbers and people. what career fits?,"Consider financial advising, sales, business analysis, or customer success management."
Tell me more about i'm good with numbers and people. what career fits?,"Consider financial advising, sales, business analysis, or customer success management."
I have questions about i'm good with numbers and people. what career fits?,"Consider financial advising, sales, business analysis, or customer success management."
What can I do with an MBA?,"An MBA opens doors to management, consulting, finance, marketing, or executive leadership roles."
Can you tell me about what can i do with an mba?,"An MBA opens doors to management, consulting, finance, marketing, or executive leadership roles."
What about what can i do with an mba?,"An MBA opens doors to management, consulting, finance, marketing, or executive leadership roles."
I'm wondering about what can i do with an mba?,"An MBA opens doors to management, consulting, finance, marketing, or executive leadership roles."
Help me understand what can i do with an mba?,"An MBA opens doors to management, consulting, finance, marketing, or executive leadership roles."
Could you explain what can i do with an mba?,"An MBA opens doors to management, consulting, finance, marketing, or executive leadership roles."
I need advice on what can i do with an mba?,"An MBA opens doors to management, consulting, finance, marketing, or executive leadership roles."
What would you recommend for what can i do with an mba?,"An MBA opens doors to management, consulting, finance, marketing, or executive leadership roles."
I'm curious about what can i do with an mba?,"An MBA opens doors to management, consulting, finance, marketing, or executive leadership roles."
Tell me more about what can i do with an mba?,"An MBA opens doors to management, consulting, finance, marketing, or executive leadership roles."
I have questions about what can i do with an mba?,"An MBA opens doors to management, consulting, finance, marketing, or executive leadership roles."
I want to work in consulting. What skills do I need?,"Consulting requires analytical thinking, communication skills, business knowledge, and problem-solving abilities."
Can you tell me about i want to work in consulting. what skills do i need?,"Consulting requires analytical thinking, communication skills, business knowledge, and problem-solving abilities."
What about i want to work in consulting. what skills do i need?,"Consulting requires analytical thinking, communication skills, business knowledge, and problem-solving abilities."
I'm wondering about i want to work in consulting. what skills do i need?,"Consulting requires analytical thinking, communication skills, business knowledge, and problem-solving abilities."
Help me understand i want to work in consulting. what skills do i need?,"Consulting requires analytical thinking, communication skills, business knowledge, and problem-solving abilities."
Could you explain i want to work in consulting. what skills do i need?,"Consulting requires analytical thinking, communication skills, business knowledge, and problem-solving abilities."
I need advice on i want to work in consulting. what skills do i need?,"Consulting requires analytical thinking, communication skills, business knowledge, and problem-solving abilities."
What would you recommend for i want to work in consulting. what skills do i need?,"Consulting requires analytical thinking, communication skills, business knowledge, and problem-solving abilities."
I'm curious about i want to work in consulting. what skills do i need?,"Consulting requires analytical thinking, communication skills, business knowledge, and problem-solving abilities."
Tell me more about i want to work in consulting. what skills do i need?,"Consulting requires analytical thinking, communication skills, business knowledge, and problem-solving abilities."
I have questions about i want to work in consulting. what skills do i need?,"Consulting requires analytical thinking, communication skills, business knowledge, and problem-solving abilities."
I'm artistic and creative. What career options do I have?,"Creative talents can lead to graphic design, web design, animation, marketing, architecture, interior design, or multimedia production."
Can you tell me about i'm artistic and creative. what career options do i have?,"Creative talents can lead to graphic design, web design, animation, marketing, architecture, interior design, or multimedia production."
What about i'm artistic and creative. what career options do i have?,"Creative talents can lead to graphic design, web design, animation, marketing, architecture, interior design, or multimedia production."
I'm wondering about i'm artistic and creative. what career options do i have?,"Creative talents can lead to graphic design, web design, animation, marketing, architecture, interior design, or multimedia production."
Help me understand i'm artistic and creative. what career options do i have?,"Creative talents can lead to graphic design, web design, animation, marketing, architecture, interior design, or multimedia production."
Could you explain i'm artistic and creative. what career options do i have?,"Creative talents can lead to graphic design, web design, animation, marketing, architecture, interior design, or multimedia production."
I need advice on i'm artistic and creative. what career options do i have?,"Creative talents can lead to graphic design, web design, animation, marketing, architecture, interior design, or multimedia production."
What would you recommend for i'm artistic and creative. what career options do i have?,"Creative talents can lead to graphic design, web design, animation, marketing, architecture, interior design, or multimedia production."
I'm curious about i'm artistic and creative. what career options do i have?,"Creative talents can lead to graphic design, web design, animation, marketing, architecture, interior design, or multimedia production."
Tell me more about i'm artistic and creative. what career options do i have?,"Creative talents can lead to graphic design, web design, animation, marketing, architecture, interior design, or multimedia production."
I have questions about i'm artistic and creative. what career options do i have?,"Creative talents can lead to graphic design, web design, animation, marketing, architecture, interior design, or multimedia production."
What can I do with an art degree?,"Art degrees lead to design, illustration, teaching, museum work, or creative direction."
Can you tell me about what can i do with an art degree?,"Art degrees lead to design, illustration, teaching, museum work, or creative direction."
What about what can i do with an art degree?,"Art degrees lead to design, illustration, teaching, museum work, or creative direction."
I'm wondering about what can i do with an art degree?,"Art degrees lead to design, illustration, teaching, museum work, or creative direction."
Help me understand what can i do with an art degree?,"Art degrees lead to design, illustration, teaching, museum work, or creative direction."
Could you explain what can i do with an art degree?,"Art degrees lead to design, illustration, teaching, museum work, or creative direction."
I need advice on what can i do with an art degree?,"Art degrees lead to design, illustration, teaching, museum work, or creative direction."
What would you recommend for what can i do with an art degree?,"Art degrees lead to design, illustration, teaching, museum work, or creative direction."
I'm curious about what can i do with an art degree?,"Art degrees lead to design, illustration, teaching, museum work, or creative direction."
Tell me more about what can i do with an art degree?,"Art degrees lead to design, illustration, teaching, museum work, or creative direction."
I have questions about what can i do with an art degree?,"Art degrees lead to design, illustration, teaching, museum work, or creative direction."
I like both science and art. Can I combine them in a career?,"Absolutely! Consider scientific illustration, medical animation, data visualization, architectural design, industrial design, or science communication."
Can you tell me about i like both science and art. can i combine them in a career?,"Absolutely! Consider scientific illustration, medical animation, data visualization, architectural design, industrial design, or science communication."
What about i like both science and art. can i combine them in a career?,"Absolutely! Consider scientific illustration, medical animation, data visualization, architectural design, industrial design, or science communication."
I'm wondering about i like both science and art. can i combine them in a career?,"Absolutely! Consider scientific illustration, medical animation, data visualization, architectural design, industrial design, or science communication."
Help me understand i like both science and art. can i combine them in a career?,"Absolutely! Consider scientific illustration, medical animation, data visualization, architectural design, industrial design, or science communication."
Could you explain i like both science and art. can i combine them in a career?,"Absolutely! Consider scientific illustration, medical animation, data visualization, architectural design, industrial design, or science communication."
I need advice on i like both science and art. can i combine them in a career?,"Absolutely! Consider scientific illustration, medical animation, data visualization, architectural design, industrial design, or science communication."
What would you recommend for i like both science and art. can i combine them in a career?,"Absolutely! Consider scientific illustration, medical animation, data visualization, architectural design, industrial design, or science communication."
I'm curious about i like both science and art. can i combine them in a career?,"Absolutely! Consider scientific illustration, medical animation, data visualization, architectural design, industrial design, or science communication."
Tell me more about i like both science and art. can i combine them in a career?,"Absolutely! Consider scientific illustration, medical animation, data visualization, architectural design, industrial design, or science communication."
I have questions about i like both science and art. can i combine them in a career?,"Absolutely! Consider scientific illustration, medical animation, data visualization, architectural design, industrial design, or science communication."
What careers are available in media and entertainment?,"Media careers include film production, journalism, broadcasting, social media, or content creation."
Can you tell me about what careers are available in media and entertainment?,"Media careers include film production, journalism, broadcasting, social media, or content creation."
What about what careers are available in media and entertainment?,"Media careers include film production, journalism, broadcasting, social media, or content creation."
I'm wondering about what careers are available in media and entertainment?,"Media careers include film production, journalism, broadcasting, social media, or content creation."
Help me understand what careers are available in media and entertainment?,"Media careers include film production, journalism, broadcasting, social media, or content creation."
Could you explain what careers are available in media and entertainment?,"Media careers include film production, journalism, broadcasting, social media, or content creation."
I need advice on what careers are available in media and entertainment?,"Media careers include film production, journalism, broadcasting, social media, or content creation."
What would you recommend for what careers are available in media and entertainment?,"Media careers include film production, journalism, broadcasting, social media, or content creation."
I'm curious about what careers are available in media and entertainment?,"Media careers include film production, journalism, broadcasting, social media, or content creation."
Tell me more about what careers are available in media and entertainment?,"Media careers include film production, journalism, broadcasting, social media, or content creation."
I have questions about what careers are available in media and entertainment?,"Media careers include film production, journalism, broadcasting, social media, or content creation."
I want to work in fashion. What are my options?,"Fashion offers design, merchandising, marketing, styling, or retail management opportunities."
Can you tell me about i want to work in fashion. what are my options?,"Fashion offers design, merchandising, marketing, styling, or retail management opportunities."
What about i want to work in fashion. what are my options?,"Fashion offers design, merchandising, marketing, styling, or retail management opportunities."
I'm wondering about i want to work in fashion. what are my options?,"Fashion offers design, merchandising, marketing, styling, or retail management opportunities."
Help me understand i want to work in fashion. what are my options?,"Fashion offers design, merchandising, marketing, styling, or retail management opportunities."
Could you explain i want to work in fashion. what are my options?,"Fashion offers design, merchandising, marketing, styling, or retail management opportunities."
I need advice on i want to work in fashion. what are my options?,"Fashion offers design, merchandising, marketing, styling, or retail management opportunities."
What would you recommend for i want to work in fashion. what are my options?,"Fashion offers design, merchandising, marketing, styling, or retail management opportunities."
I'm curious about i want to work in fashion. what are my options?,"Fashion offers design, merchandising, marketing, styling, or retail management opportunities."
Tell me more about i want to work in fashion. what are my options?,"Fashion offers design, merchandising, marketing, styling, or retail management opportunities."
I have questions about i want to work in fashion. what are my options?,"Fashion offers design, merchandising, marketing, styling, or retail management opportunities."
What can I do with a music degree?,"Music leads to performance, education, production, therapy, or music business roles."
Can you tell me about what can i do with a music degree?,"Music leads to performance, education, production, therapy, or music business roles."
What about what can i do with a music degree?,"Music leads to performance, education, production, therapy, or music business roles."
I'm wondering about what can i do with a music degree?,"Music leads to performance, education, production, therapy, or music business roles."
Help me understand what can i do with a music degree?,"Music leads to performance, education, production, therapy, or music business roles."
Could you explain what can i do with a music degree?,"Music leads to performance, education, production, therapy, or music business roles."
I need advice on what can i do with a music degree?,"Music leads to performance, education, production, therapy, or music business roles."
What would you recommend for what can i do with a music degree?,"Music leads to performance, education, production, therapy, or music business roles."
I'm curious about what can i do with a music degree?,"Music leads to performance, education, production, therapy, or music business roles."
Tell me more about what can i do with a music degree?,"Music leads to performance, education, production, therapy, or music business roles."
I have questions about what can i do with a music degree?,"Music leads to performance, education, production, therapy, or music business roles."
Can I do law if I'm not good at math?,"Absolutely! Law requires strong analytical thinking, reading comprehension, and communication skills rather than advanced math."
Can you tell me about can i do law if i'm not good at math?,"Absolutely! Law requires strong analytical thinking, reading comprehension, and communication skills rather than advanced math."
What about can i do law if i'm not good at math?,"Absolutely! Law requires strong analytical thinking, reading comprehension, and communication skills rather than advanced math."
I'm wondering about can i do law if i'm not good at math?,"Absolutely! Law requires strong analytical thinking, reading comprehension, and communication skills rather than advanced math."
Help me understand can i do law if i'm not good at math?,"Absolutely! Law requires strong analytical thinking, reading comprehension, and communication skills rather than advanced math."
Could you explain can i do law if i'm not good at math?,"Absolutely! Law requires strong analytical thinking, reading comprehension, and communication skills rather than advanced math."
I need advice on can i do law if i'm not good at math?,"Absolutely! Law requires strong analytical thinking, reading comprehension, and communication skills rather than advanced math."
What would you recommend for can i do law if i'm not good at math?,"Absolutely! Law requires strong analytical thinking, reading comprehension, and communication skills rather than advanced math."
I'm curious about can i do law if i'm not good at math?,"Absolutely! Law requires strong analytical thinking, reading comprehension, and communication skills rather than advanced math."
Tell me more about can i do law if i'm not good at math?,"Absolutely! Law requires strong analytical thinking, reading comprehension, and communication skills rather than advanced math."
I have questions about can i do law if i'm not good at math?,"Absolutely! Law requires strong analytical thinking, reading comprehension, and communication skills rather than advanced math."
What can I do with a law degree besides practicing law?,"Law degrees lead to business, consulting, government, compliance, or policy work."
Can you tell me about what can i do with a law degree besides practicing law?,"Law degrees lead to business, consulting, government, compliance, or policy work."
What about what can i do with a law degree besides practicing law?,"Law degrees lead to business, consulting, government, compliance, or policy work."
I'm wondering about what can i do with a law degree besides practicing law?,"Law degrees lead to business, consulting, government, compliance, or policy work."
Help me understand what can i do with a law degree besides practicing law?,"Law degrees lead to business, consulting, government, compliance, or policy work."
Could you explain what can i do with a law degree besides practicing law?,"Law degrees lead to business, consulting, government, compliance, or policy work."
I need advice on what can i do with a law degree besides practicing law?,"Law degrees lead to business, consulting, government, compliance, or policy work."
What would you recommend for what can i do with a law degree besides practicing law?,"Law degrees lead to business, consulting, government, compliance, or policy work."
I'm curious about what can i do with a law degree besides practicing law?,"Law degrees lead to business, consulting, government, compliance, or policy work."
Tell me more about what can i do with a law degree besides practicing law?,"Law degrees lead to business, consulting, government, compliance, or policy work."
I have questions about what can i do with a law degree besides practicing law?,"Law degrees lead to business, consulting, government, compliance, or policy work."
I'm interested in politics. What career paths exist?,"Politics offers campaign management, policy analysis, government relations, or public administration."
Can you tell me about i'm interested in politics. what career paths exist?,"Politics offers campaign management, policy analysis, government relations, or public administration."
What about i'm interested in politics. what career paths exist?,"Politics offers campaign management, policy analysis, government relations, or public administration."
I'm wondering about i'm interested in politics. what career paths exist?,"Politics offers campaign management, policy analysis, government relations, or public administration."
Help me understand i'm interested in politics. what career paths exist?,"Politics offers campaign management, policy analysis, government relations, or public administration."
Could you explain i'm interested in politics. what career paths exist?,"Politics offers campaign management, policy analysis, government relations, or public administration."
I need advice on i'm interested in politics. what career paths exist?,"Politics offers campaign management, policy analysis, government relations, or public administration."
What would you recommend for i'm interested in politics. what career paths exist?,"Politics offers campaign management, policy analysis, government relations, or public administration."
I'm curious about i'm interested in politics. what career paths exist?,"Politics offers campaign management, policy analysis, government relations, or public administration."
Tell me more about i'm interested in politics. what career paths exist?,"Politics offers campaign management, policy analysis, government relations, or public administration."
I have questions about i'm interested in politics. what career paths exist?,"Politics offers campaign management, policy analysis, government relations, or public administration."
What careers are available in criminal justice?,"Criminal justice leads to law enforcement, corrections, legal assistance, or security work."
Can you tell me about what careers are available in criminal justice?,"Criminal justice leads to law enforcement, corrections, legal assistance, or security work."
What about what careers are available in criminal justice?,"Criminal justice leads to law enforcement, corrections, legal assistance, or security work."
I'm wondering about what careers are available in criminal justice?,"Criminal justice leads to law enforcement, corrections, legal assistance, or security work."
Help me understand what careers are available in criminal justice?,"Criminal justice leads to law enforcement, corrections, legal assistance, or security work."
Could you explain what careers are available in criminal justice?,"Criminal justice leads to law enforcement, corrections, legal assistance, or security work."
I need advice on what careers are available in criminal justice?,"Criminal justice leads to law enforcement, corrections, legal assistance, or security work."
What would you recommend for what careers are available in criminal justice?,"Criminal justice leads to law enforcement, corrections, legal assistance, or security work."
I'm curious about what careers are available in criminal justice?,"Criminal justice leads to law enforcement, corrections, legal assistance, or security work."
Tell me more about what careers are available in criminal justice?,"Criminal justice leads to law enforcement, corrections, legal assistance, or security work."
I have questions about what careers are available in criminal justice?,"Criminal justice leads to law enforcement, corrections, legal assistance, or security work."
I want to work in tech but don't know programming. What options do I have?,"Tech careers without programming include product management, technical writing, UX research, digital marketing, data analysis, or tech sales."
Can you tell me about i want to work in tech but don't know programming. what options do i have?,"Tech careers without programming include product management, technical writing, UX research, digital marketing, data analysis, or tech sales."
What about i want to work in tech but don't know programming. what options do i have?,"Tech careers without programming include product management, technical writing, UX research, digital marketing, data analysis, or tech sales."
I'm wondering about i want to work in tech but don't know programming. what options do i have?,"Tech careers without programming include product management, technical writing, UX research, digital marketing, data analysis, or tech sales."
Help me understand i want to work in tech but don't know programming. what options do i have?,"Tech careers without programming include product management, technical writing, UX research, digital marketing, data analysis, or tech sales."
Could you explain i want to work in tech but don't know programming. what options do i have?,"Tech careers without programming include product management, technical writing, UX research, digital marketing, data analysis, or tech sales."
I need advice on i want to work in tech but don't know programming. what options do i have?,"Tech careers without programming include product management, technical writing, UX research, digital marketing, data analysis, or tech sales."
What would you recommend for i want to work in tech but don't know programming. what options do i have?,"Tech careers without programming include product management, technical writing, UX research, digital marketing, data analysis, or tech sales."
I'm curious about i want to work in tech but don't know programming. what options do i have?,"Tech careers without programming include product management, technical writing, UX research, digital marketing, data analysis, or tech sales."
Tell me more about i want to work in tech but don't know programming. what options do i have?,"Tech careers without programming include product management, technical writing, UX research, digital marketing, data analysis, or tech sales."
I have questions about i want to work in tech but don't know programming. what options do i have?,"Tech careers without programming include product management, technical writing, UX research, digital marketing, data analysis, or tech sales."
What can I do with a computer science degree?,"CS leads to software development, data science, cybersecurity, systems analysis, or technology management."
Can you tell me about what can i do with a computer science degree?,"CS leads to software development, data science, cybersecurity, systems analysis, or technology management."
What about what can i do with a computer science degree?,"CS leads to software development, data science, cybersecurity, systems analysis, or technology management."
I'm wondering about what can i do with a computer science degree?,"CS leads to software development, data science, cybersecurity, systems analysis, or technology management."
Help me understand what can i do with a computer science degree?,"CS leads to software development, data science, cybersecurity, systems analysis, or technology management."
Could you explain what can i do with a computer science degree?,"CS leads to software development, data science, cybersecurity, systems analysis, or technology management."
I need advice on what can i do with a computer science degree?,"CS leads to software development, data science, cybersecurity, systems analysis, or technology management."
What would you recommend for what can i do with a computer science degree?,"CS leads to software development, data science, cybersecurity, systems analysis, or technology management."
I'm curious about what can i do with a computer science degree?,"CS leads to software development, data science, cybersecurity, systems analysis, or technology management."
Tell me more about what can i do with a computer science degree?,"CS leads to software development, data science, cybersecurity, systems analysis, or technology management."
I have questions about what can i do with a computer science degree?,"CS leads to software development, data science, cybersecurity, systems analysis, or technology management."
I'm interested in cybersecurity. What should I study?,"Cybersecurity benefits from computer science, information systems, or specialized security certifications."
Can you tell me about i'm interested in cybersecurity. what should i study?,"Cybersecurity benefits from computer science, information systems, or specialized security certifications."
What about i'm interested in cybersecurity. what should i study?,"Cybersecurity benefits from computer science, information systems, or specialized security certifications."
I'm wondering about i'm interested in cybersecurity. what should i study?,"Cybersecurity benefits from computer science, information systems, or specialized security certifications."
Help me understand i'm interested in cybersecurity. what should i study?,"Cybersecurity benefits from computer science, information systems, or specialized security certifications."
Could you explain i'm interested in cybersecurity. what should i study?,"Cybersecurity benefits from computer science, information systems, or specialized security certifications."
I need advice on i'm interested in cybersecurity. what should i study?,"Cybersecurity benefits from computer science, information systems, or specialized security certifications."
What would you recommend for i'm interested in cybersecurity. what should i study?,"Cybersecurity benefits from computer science, information systems, or specialized security certifications."
I'm curious about i'm interested in cybersecurity. what should i study?,"Cybersecurity benefits from computer science, information systems, or specialized security certifications."
Tell me more about i'm interested in cybersecurity. what should i study?,"Cybersecurity benefits from computer science, information systems, or specialized security certifications."
I have questions about i'm interested in cybersecurity. what should i study?,"Cybersecurity benefits from computer science, information systems, or specialized security certifications."
What careers are available in data science?,"Data science offers analysis, machine learning, business intelligence, or research opportunities."
Can you tell me about what careers are available in data science?,"Data science offers analysis, machine learning, business intelligence, or research opportunities."
What about what careers are available in data science?,"Data science offers analysis, machine learning, business intelligence, or research opportunities."
I'm wondering about what careers are available in data science?,"Data science offers analysis, machine learning, business intelligence, or research opportunities."
Help me understand what careers are available in data science?,"Data science offers analysis, machine learning, business intelligence, or research opportunities."
Could you explain what careers are available in data science?,"Data science offers analysis, machine learning, business intelligence, or research opportunities."
I need advice on what careers are available in data science?,"Data science offers analysis, machine learning, business intelligence, or research opportunities."
What would you recommend for what careers are available in data science?,"Data science offers analysis, machine learning, business intelligence, or research opportunities."
I'm curious about what careers are available in data science?,"Data science offers analysis, machine learning, business intelligence, or research opportunities."
Tell me more about what careers are available in data science?,"Data science offers analysis, machine learning, business intelligence, or research opportunities."
I have questions about what careers are available in data science?,"Data science offers analysis, machine learning, business intelligence, or research opportunities."
What careers have good job security and growth potential?,"Healthcare, technology, data analysis, and skilled trades typically offer strong job security. Specific roles include software development, nursing, data science, cybersecurity."
Can you tell me about what careers have good job security and growth potential?,"Healthcare, technology, data analysis, and skilled trades typically offer strong job security. Specific roles include software development, nursing, data science, cybersecurity."
What about what careers have good job security and growth potential?,"Healthcare, technology, data analysis, and skilled trades typically offer strong job security. Specific roles include software development, nursing, data science, cybersecurity."
I'm wondering about what careers have good job security and growth potential?,"Healthcare, technology, data analysis, and skilled trades typically offer strong job security. Specific roles include software development, nursing, data science, cybersecurity."
Help me understand what careers have good job security and growth potential?,"Healthcare, technology, data analysis, and skilled trades typically offer strong job security. Specific roles include software development, nursing, data science, cybersecurity."
Could you explain what careers have good job security and growth potential?,"Healthcare, technology, data analysis, and skilled trades typically offer strong job security. Specific roles include software development, nursing, data science, cybersecurity."
I need advice on what careers have good job security and growth potential?,"Healthcare, technology, data analysis, and skilled trades typically offer strong job security. Specific roles include software development, nursing, data science, cybersecurity."
What would you recommend for what careers have good job security and growth potential?,"Healthcare, technology, data analysis, and skilled trades typically offer strong job security. Specific roles include software development, nursing, data science, cybersecurity."
I'm curious about what careers have good job security and growth potential?,"Healthcare, technology, data analysis, and skilled trades typically offer strong job security. Specific roles include software development, nursing, data science, cybersecurity."
Tell me more about what careers have good job security and growth potential?,"Healthcare, technology, data analysis, and skilled trades typically offer strong job security. Specific roles include software development, nursing, data science, cybersecurity."
I have questions about what careers have good job security and growth potential?,"Healthcare, technology, data analysis, and skilled trades typically offer strong job security. Specific roles include software development, nursing, data science, cybersecurity."
I want a career that allows remote work. What options do I have?,"Remote-friendly careers include software development, digital marketing, technical writing, graphic design, data analysis, online education, consulting."
Can you tell me about i want a career that allows remote work. what options do i have?,"Remote-friendly careers include software development, digital marketing, technical writing, graphic design, data analysis, online education, consulting."
What about i want a career that allows remote work. what options do i have?,"Remote-friendly careers include software development, digital marketing, technical writing, graphic design, data analysis, online education, consulting."
I'm wondering about i want a career that allows remote work. what options do i have?,"Remote-friendly careers include software development, digital marketing, technical writing, graphic design, data analysis, online education, consulting."
Help me understand i want a career that allows remote work. what options do i have?,"Remote-friendly careers include software development, digital marketing, technical writing, graphic design, data analysis, online education, consulting."
Could you explain i want a career that allows remote work. what options do i have?,"Remote-friendly careers include software development, digital marketing, technical writing, graphic design, data analysis, online education, consulting."
I need advice on i want a career that allows remote work. what options do i have?,"Remote-friendly careers include software development, digital marketing, technical writing, graphic design, data analysis, online education, consulting."
What would you recommend for i want a career that allows remote work. what options do i have?,"Remote-friendly careers include software development, digital marketing, technical writing, graphic design, data analysis, online education, consulting."
I'm curious about i want a career that allows remote work. what options do i have?,"Remote-friendly careers include software development, digital marketing, technical writing, graphic design, data analysis, online education, consulting."
Tell me more about i want a career that allows remote work. what options do i have?,"Remote-friendly careers include software development, digital marketing, technical writing, graphic design, data analysis, online education, consulting."
I have questions about i want a career that allows remote work. what options do i have?,"Remote-friendly careers include software development, digital marketing, technical writing, graphic design, data analysis, online education, consulting."
What careers pay well without requiring a college degree?,"High-paying careers without degrees include skilled trades, sales, real estate, or technology certifications."
Can you tell me about what careers pay well without requiring a college degree?,"High-paying careers without degrees include skilled trades, sales, real estate, or technology certifications."
What about what careers pay well without requiring a college degree?,"High-paying careers without degrees include skilled trades, sales, real estate, or technology certifications."
I'm wondering about what careers pay well without requiring a college degree?,"High-paying careers without degrees include skilled trades, sales, real estate, or technology certifications."
Help me understand what careers pay well without requiring a college degree?,"High-paying careers without degrees include skilled trades, sales, real estate, or technology certifications."
Could you explain what careers pay well without requiring a college degree?,"High-paying careers without degrees include skilled trades, sales, real estate, or technology certifications."
I need advice on what careers pay well without requiring a college degree?,"High-paying careers without degrees include skilled trades, sales, real estate, or technology certifications."
What would you recommend for what careers pay well without requiring a college degree?,"High-paying careers without degrees include skilled trades, sales, real estate, or technology certifications."
I'm curious about what careers pay well without requiring a college degree?,"High-paying careers without degrees include skilled trades, sales, real estate, or technology certifications."
Tell me more about what careers pay well without requiring a college degree?,"High-paying careers without degrees include skilled trades, sales, real estate, or technology certifications."
I have questions about what careers pay well without requiring a college degree?,"High-paying careers without degrees include skilled trades, sales, real estate, or technology certifications."
I want to make a difference in the world. What careers allow this?,"Impact careers include healthcare, education, non-profit work, environmental science, or social work."
Can you tell me about i want to make a difference in the world. what careers allow this?,"Impact careers include healthcare, education, non-profit work, environmental science, or social work."
What about i want to make a difference in the world. what careers allow this?,"Impact careers include healthcare, education, non-profit work, environmental science, or social work."
I'm wondering about i want to make a difference in the world. what careers allow this?,"Impact careers include healthcare, education, non-profit work, environmental science, or social work."
Help me understand i want to make a difference in the world. what careers allow this?,"Impact careers include healthcare, education, non-profit work, environmental science, or social work."
Could you explain i want to make a difference in the world. what careers allow this?,"Impact careers include healthcare, education, non-profit work, environmental science, or social work."
I need advice on i want to make a difference in the world. what careers allow this?,"Impact careers include healthcare, education, non-profit work, environmental science, or social work."
What would you recommend for i want to make a difference in the world. what careers allow this?,"Impact careers include healthcare, education, non-profit work, environmental science, or social work."
I'm curious about i want to make a difference in the world. what careers allow this?,"Impact careers include healthcare, education, non-profit work, environmental science, or social work."
Tell me more about i want to make a difference in the world. what careers allow this?,"Impact careers include healthcare, education, non-profit work, environmental science, or social work."
I have questions about i want to make a difference in the world. what careers allow this?,"Impact careers include healthcare, education, non-profit work, environmental science, or social work."
What's the weather like today?,"I'm designed to help with career and education guidance. I can't provide weather information, but I'd be happy to help you explore career options!"
How do I cook pasta?,"I specialize in career and education advice rather than cooking. However, if you're interested in culinary careers, I can discuss culinary arts or food science!"
